Workbook

Sheet Template3
A1: Project Name: | B1: Enter your data | F1: 1.4.0.0
A2: Unit: | B2: Geniox Tera C Macro CRAH
A3: Model: | B3: TERA 170
A4: Unit summary | D4: Version 1.1.0.0
A5: Configuration | D5: TOP RETURN BOTTOM SUPPLY
A6: Cooling capacity | D6: 340.7
A7: Airflow | D7: 33333
A8: Supply/Return air temperature | D8: 14.2/44
A9: Power supply | D9: 400V-3PH-N-PE-50Hz
A10: Dimensions (W x L x H) | D10: 4082 x 1082 x 3200 mm
A11: Casing/Frame Details
A12: Panel Thickness | D12: 60 mm
A13: Panel Insulation Type / Density | D13: Rock wool 60kg/m3
A14: Panel External Sheet | D14: Z275 Steel + Polyster Painted (0,8mm)
A15: Panel Internal Sheet | D15: Z275 Steel + Polyster Painted (0,8mm)
A16: Frame Type | D16: Z275 + Epoxy Primer Polyester Painted Steel
A17: Water Cooling Coil Details
A18: Fluid | C18: WATER | E18: %
A19: Return Air Temparature | C19: 44 | E19: °C
A20: Return Air Humidity | C20: 11 | E20: %
A21: Supply Air Temparature | C21: 14.2 | E21: °C
A22: Supply Air Humidity | C22: 62.2 | E22: %
A23: Coil Pressure Drop (Air side) | C23: 102.8 | E23: Pa
A24: Coil Cooling Capacity | C24: 340.7 | E24: kW
A25: Fluid Inlet Temparature. | C25: 11 | E25: °C
A26: Fluid Outlet Temparature | C26: 22 | E26: °C
A27: Water Flow Rate | C27: 26.6 | E27: m³/h
A28: Coil Pressure Drop (Fluid side) | C28: 85.8 | E28: kPa
A29: EER (Energy Efficiency Ratio) | C29: 71
A30: Connections (Inlet-Outlet) | C30: DN 80
A31: Air density | E31: kg/m³
A32: Supply Fan Details
A33: Air Flow Rate | C33: 33333 | E33: m³/h
A34: External Pressure | C34: 111 | E34: Pa
A35: Total Static Pressure | C35: 259.3 | E35: Pa
A36: Fan Speed | C36: 1513 | E36: rpm
A37: Maximum Fan Speed | C37: 2370 | E37: rpm
A38: Total Efficiency | C38: 63 | E38: %
A39: Fan Type | C39: EC Plug Fan
A40: Voltage | C40: 3 Ph 400 | E40: V
A41: Maximum Current Draw | C41: 30 | E41: A
A42: Rated Power Consumption | C42: 4.8 | E42: kW
A43: Return Filter Details
A44: Pressure Drop | C44: 45.5 | E44: Pa
A45: Filter Class | C45: G4
A46: Filter Dimensions | C46: 1000x864x48 | E46: mm
A47: Quantity | C47: 4 | E47: pcs
A48: Damper Details
A49: Pressure Drop | E49: Pa
A50: Air Tightness Class | C50: C4
A51: Damper Dimensions | C51: 2350 x 900 | E51: mm
A52: Quantity | C52: 1 | E52: pcs
A53: Project Name: | B53: =B1 -> Enter your data
A54: Unit: | B54: =B2 -> Geniox Tera C Macro CRAH
A55: Model: | B55: =B3 -> TERA 170
A56: Control and Electrical Configuration
A57: Temperature & Humidity Sensor
A58: Leak Detection
A59: Water Valve
A60: Corridor Sensor
A61: Corridor Control
A62: Power supply
A63: Power Option & ATS
A64: Power Measurement
A65: User Terminal
A66: Harmonic Filter
A67: Panel Socket
... A71: Water Shut off valve

Sheet Selection List
A1: CAPACITY | B1: 30 | C1: 17: 170 Kw; 23: 230 kW; 30: 300 Kw
A2: FLOW CONFIGURATION | B2: B | C2: B= TOP SIDE RETURN BOTTOM SUPPLY; F= TOP SIDE RETURN FRONT SUPPLY; M= FRONT SIDE RETURN BOTTOM SUPPLY
A3: PIPE SIDE | B3: R | C3: L=Left; R=Right
A4: WATER CONDITION | B4: L | C4: L= 20/28 ; H=20/30
A5: HUMIDIFICATION | B5: 0 | C5: S= STEAM HUMIDIFIER 15kg/h ; 0= NONE
A6: ESP | B6: H | C6: H= 100 Pa ESP; L= 50 Pa ESP ; S= …. Pa ESP
A7: DAMPER | B7: 0 | C7: 1= ON TOP ; 0= NONE
A8: Temp Sensors | B8: S | C8: S= Only Average Temp Sensor on Return/Supply Air; O= Additional Temp/Hum Sensor on Return/Supply Air
A9: Leak Detaction | B9: S | C9: S= Wire Type ; O= Additional Leak Sensor
A10: Valve Options | B10: 2 | C10: N= 0-10V Output w Temp Measurement; F= 0-10V Output w Flow/Temp Measurement; 3= 3 Way Valve; 2= 2 Way Valve w Temp Measurement; E= 2 Way Smart Energy Management Valve (EV) P= 2 Way Flow-Pressure Independent Valve (PICV)
A11: Corridor Sensor | B11: 0 | C11: 0= None; 1= Corridors dP; 2= Double dP; 3= Corridor dP, Temperature & Humidity Sensor; 4= Double Corridor dP, Temperature & Humidity Sensor; 5=Temperature & Humidity Sensor
A12: Corridor Control | B12: 0 | C12: 0: N/A; 1= Corridor Temperature Sensor is only for monitoring; 2= Corridor Temperature Sensor will be included on supply air
A13: Power Input | B13: 0 | C13: 0= 400V /3P+N / 50hZ; 1= 400V / 3P+N / 60Hz
A14: Power Option | B14: N | C14: N= None; A= ATS; B= ATS & UltraCap; U= UltraCap
A15: Power Measurment | B15: 0 | C15: 0= None; 3= Energy Analyser
A16: HMI | B16: 0 | C16: 0= None *; 1= Magnetic Text Based Display with Ethernet Socket Connection; 2= Panel Mounted Touch Panel Display
A17: Harmonic Filter | B17: 0 | C17: 0= None ; 1= Active PFC ; 2= Fans with Active PFC
A18: Panel Socket | B18: 0 | C18: 0= None; A=CF Type Socket
A19: Fire Protection | B19: N | C19: N= None; 0= Shutdown on fire without sensor; 1= Continue on fire without sensor; 2= Shutdown with Smoke; 3= Continue with Smoke
A20: Communication Protocols for BMS | B20: 0 | C20: 0=None; 1=BacNET IP; 2=BacNET MSTP; 3=Modbus RTU; 4=Modbus TCP/IP
A21: WSCO and Teamwork | B21: 0 | C21: 0= None; 1=Teamwork; 2=WSCO**; 3=Teamwork and WSCO
A22: Flow Direction | B22: F | C22: F : Supply from the front side; B : Bottom supply air to 3 sides ( front, left and right); A : All side
A23: Safety Water Control Options | B23: 1 | C23: 0= None 0 : 1= Available
A24: Unit Code = TERA C | B24: =B1&B2&B3&B4&B5&B6&B7&B8&B9&B10&B11&B12&B13&B14&B15&B16&B17&B18&B19&B20&B21&B22&B23 -> 30BRL0H0SS2000N0000N00F1 | C24: * There will be no display at all. One text-based screen can be used in all units. If you choose none, please consider that you have to buy one text-based at least. ** If there is no electrical power measurement, WSCO will not be available.
B25: =Sheet1!F218/0.6 -> 46893.437

Sheet Sheet1
A1: General Equipment | B1: Product Number | C1: Product Description | D1: Amount | E1: Unit | F1: Unit Price | G1: Total Price
A2: Labor | B2: HIZM000000010 | C2: MONTAJ İŞÇİLİK OVERHEAD | D2: =IF('Selection List'!B1=17,75.16,IF('Selection List'!B1=23,87.28,IF('Selection List'!B1=30,97.52,"VEYY"))) -> 97.52 | E2: pcs | F2: 45 | G2: =D2*F2 -> 4388.4
B3: HIZM000000041 | C3: ELEKTRİK ADAM SAAT | D3: =IF('Selection List'!B1=17,13.75,IF('Selection List'!B1=23,18.77,IF('Selection List'!B1=30,21.39,"VEYY"))) -> 21.39 | E3: pcs | F3: 15 | G3: =D3*F3 -> 320.85
B4: HIZM000000032 | C4: PANO MONTAJ İŞÇİLİK | D4: =IF('Selection List'!B1=17,19.3,IF('Selection List'!B1=23,25.83,IF('Selection List'!B1=30,27.8,"VEYY"))) -> 27.8 | E4: pcs | F4: 45 | G4: =D4*F4 -> 1251
A5: CC Coil | B5: R06TERAC00001 | C5: 80T6R2P80NC Low Temp. | D5: =IF(AND('Selection List'!B1=17,'Selection List'!B4="L"),1,0) -> 0 | E5: pcs | F5: 4043 | G5: =D5*F5 -> 0
B6: R06TERAC00002 | C6: 80T7R2P70NC High Temp. | D6: =IF(AND('Selection List'!B1=17,'Selection List'!B4="H"),1,0) -> 0 | E6: pcs | F6: 4626 | G6: =D6*F6 -> 0
B7: R06TERAC00003 | C7: 84T7R2.3P147NC Low Temp. | D7: =IF(AND('Selection List'!B1=23,'Selection List'!B4="L"),1,0) -> 0 | E7: pcs | F7: 7168 | G7: =D7*F7 -> 0
B8: R06TERAC00004 | C8: 84T8R2.3P112NC High Temp. | D8: =IF(AND('Selection List'!B1=23,'Selection List'!B4="H"),1,0) -> 0 | E8: pcs | F8: 7962 | G8: =D8*F8 -> 0
B9: R06TERAC00005 | C9: 82T7R2.3P143NC Low Temp. | D9: =IF(AND('Selection List'!B1=30,'Selection List'!B4="L"),1,0) -> 1 | E9: pcs | F9: 8572 | G9: =D9*F9 -> 8572
B10: R06TERAC00006 | C10: 82T8R2.3P112NC High Temp. | D10: =IF(AND('Selection List'!B1=30,'Selection List'!B4="H"),1,0) -> 0 | E10: pcs | F10: 9585 | G10: =D10*F10 -> 0
A11: Fan | B11: R05EBM0000284 | C11: VBH0560CTTRS / EBM / 8300100101 | D11: {=IF('Selection List'!B17=2,0,IF('Selection List'!B1=17,3,IF('Selection List'!B1=23,4,IF('Selection List'!B1=30,5,veyy))))} -> 5 | E11: pcs | F11: 812.4 | G11: =D11*F11 -> 4062
B12: R058300100546 | C12: EBM / 8300100546 | D12: =IF('Selection List'!B17=2,IF('Selection List'!B1=17,3,IF('Selection List'!B1=23,4,IF('Selection List'!B1=30,5,"0"))),0) -> 0 | E12: pcs | F12: 958 | G12: =D12*F12 -> 0
A13: Nemlendirici | B13: R13BN30150000 | C13: BUHARLI NEMLENDIRICI EL 15KG/H | D13: =IF('Selection List'!B5="S",1,0) -> 0 | E13: PCS | F13: 1231 | G13: =D13*F13 -> 0
A14: Electric Panel | B14: R140023AR0003 | C14: 1296x796x185 / Galvanized steel | D14: 1 | E14: pcs | F14: 385 | G14: =D14*F14 -> 385
A15: Air Filter | B15: R170481000727 | C15: PANEL FILTRE G4-48-1000x727 | D15: =IF(AND('Selection List'!B1=17,(OR('Selection List'!B2="F",'Selection List'!B2="B"))),6,0) -> 0 | E15: pcs | F15: 12.42 | G15: =D15*F15 -> 0
B16: R170481000672 | C16: PANEL FILTRE G4-48-1000x672 | D16: =IF(AND('Selection List'!B1=23,(OR('Selection List'!B2="F",'Selection List'!B2="B"))),8,0) -> 0 | E16: pcs | F16: 11.74 | G16: =D16*F16 -> 0
B17: R17CF41000864 | C17: 1028x864x48 G4 Panel Filtre | D17: =IF(AND('Selection List'!B1=30,(OR('Selection List'!B2="F",'Selection List'!B2="B"))),10,0) -> 10 | E17: pcs | F17: 50.68 | G17: =D17*F17 -> 506.8
B18: R170480525575 | C18: PANEL FILTRE G4-48-525x725 | D18: =IF('Selection List'!B2="M",1,0) -> 0 | E18: pcs | F18: 7.96 | G18: =D18*F18 -> 0
B19: R170480905725 | C19: PANEL FILTRE G4-48-905x725 | D19: =IF(AND('Selection List'!B2="M",'Selection List'!B1=17),4,IF(AND('Selection List'!B2="M",'Selection List'!B1=23),6,IF(AND('Selection List'!B2="M",'Selection List'!B1=30),8,0))) -> 0 | E19: pcs | F19: 11.54 | G19: =D19*F19 -> 0
A20: Casing | B20: R210090655150 | C20: Corner 66x66 Top PA6-Steel Par | D20: 4 | E20: mt | F20: 4.68 | G20: =D20*F20 -> 18.72
B21: R020090655021 | C21: Corner profile 66x66 bottom | D21: =IF('Selection List'!B1=17,7,IF('Selection List'!B1=23,8.5,IF('Selection List'!B1=30,10,"VEYY"))) -> 10 | E21: mt | F21: 10.992 | G21: =D21*F21 -> 109.92
B22: R020090655020 | C22: Corner profile 66x66 | D22: =IF('Selection List'!B1=17,19,IF('Selection List'!B1=23,20.5,IF('Selection List'!B1=30,22,"VEYY"))) -> 22 | E22: mt | F22: 10.896 | G22: =D22*F22 -> 239.712
B23: R020090653102 | C23: MULLION 50X42 ZM310AC | D23: =IF('Selection List'!B1=17,31,IF('Selection List'!B1=23,34.5,IF('Selection List'!B1=30,38,"VEYY"))) -> 38 | E23: mt | F23: 6.624 | G23: =D23*F23 -> 251.712
B24: R020090653103 | C24: 1/2 Mullion profile 25x42 ZM310AC | D24: =IF('Selection List'!B1=17,14,IF('Selection List'!B1=23,17,IF('Selection List'!B1=30,20,"VEYY"))) -> 20 | E24: mt | F24: 5.64 | G24: =D24*F24 -> 112.8
B25: R210090655073 | C25: Mullion Bracket Top/Vertical | D25: =IF('Selection List'!B1=17,4,IF('Selection List'!B1=23,6,IF('Selection List'!B1=30,8,"VEYY"))) -> 8 | E25: pcs | F25: 0.448 | G25: =D25*F25 -> 3.584
B26: R210090655065 | C26: Mullion Bracket 46,7x39,3x1,5 | D26: =IF('Selection List'!B1=17,58,IF('Selection List'!B1=23,59,IF('Selection List'!B1=30,60,"VEYY"))) -> 60 | E26: pcs | F26: 0.33 | G26: =D26*F26 -> 19.8
B27: R01B080000001 | C27: 0.80 mm Z275 DX51 RAL7035 Boyalı Rulo Sac | D27: =IF('Selection List'!B1=17,289.2,IF('Selection List'!B1=23,319.2,IF('Selection List'!B1=30,349.2,"VEYY"))) -> 349.2 | E27: kg | F27: 1.04 | G27: =D27*F27 -> 363.168
B28: R040090655040 | C28: Geniox panel profil tape/EPDM | D28: =IF('Selection List'!B1=17,89,IF('Selection List'!B1=23,97.9,IF('Selection List'!B1=30,106.8,"VEYY"))) -> 106.8 | E28: mt | F28: 2.87 | G28: =D28*F28 -> 306.516
B29: R040090655044 | C29: Door profile w/tape + 1xTPE | D29: =IF('Selection List'!B1=17,23,IF('Selection List'!B1=23,25.3,IF('Selection List'!B1=30,27.6,"VEYY"))) -> 27.6 | E29: mt | F29: 2.24 | G29: =D29*F29 -> 61.824
B30: R01GL30000275 | C30: 3.00 mm Z275 DX51 Plaka Sac | D30: =IF('Selection List'!B1=17,204,IF('Selection List'!B1=23,241,IF('Selection List'!B1=30,292,"VEYY"))) -> 292 | E30: kg | F30: 0.82 | G30: =D30*F30 -> 239.44
B31: R10YN60700002 | C31: KAYA YÜNÜ 60MM-70 KG/M3 | D31: =IF('Selection List'!B1=17,30,IF('Selection List'!B1=23,45,IF('Selection List'!B1=30,60,"VEYY"))) -> 60 | E31: m2 | F31: 4.28 | G31: =D31*F31 -> 256.8
B32: R21KT50502520 | C32: PUNTALI KAFES TELI (50mm X 50mm X2. 5mm)(1000x2000mm plakadan) | D32: =IF(AND('Selection List'!B1=30,OR('Selection List'!B2="B",'Selection List'!B2="M"),'Selection List'!B22="F"),3,IF(AND('Selection List'!B1=30,OR('Selection List'!B2="B",'Selection List'!B2="M"),'Selection List'!B22="B"),4,IF(AND('Selection List'!B1=30,OR('Selection List'!B2="B",'Selection List'!B2="M"),'Selection List'!B22="A"),6,IF(AND('Selection List'!B1=23,OR('Selection List'!B2="B",'Selection List'!B2="M"),'Selection List'!B22="F"),2,IF(AND('Selection List'!B1=23,OR('Selection List'!B2="B",'Selection List'!B2="M"),'Selection List'!B22="B"),3,IF(AND('Selection List'!B1=23,OR('Selection List'!B2="B",'Selection List'!B2="M"),'Selection List'!B22="A"),5,IF(AND('Selection List'!B1=17,OR('Selection List'!B2="B",'Selection List'!B2="M"),'Selection List'!B22="F"),2,IF(AND('Selection List'!B1=17,OR('Selection List'!B2="B",'Selection List'!B2="M"),'Selection List'!B22="B"),3,IF(AND('Selection List'!B1=17,OR('Selection List'!B2="B",'Selection List'!B2="M"),'Selection List'!B22="A"),4,"0"))))))))) -> 3 | E32: pcs | F32: 54.11 | G32: =D32*F32 -> 162.33
B33: R21KT50502530 | C33: PUNTALI KAFES TELI (50mm X 50mm X2. 5mm)(1000x3000mm plakadan) | D33: =IF(AND('Selection List'!B1=30,'Selection List'!B2="F"),5,IF(AND('Selection List'!B1=23,'Selection List'!B2="F"),4,IF(AND('Selection List'!B1=17,'Selection List'!B2="F"),3,0))) -> 0 | E33: pcs | F33: 61.7 | G33: =D33*F33 -> 0
B34: R01BY27570400 | C34: 1.2 MM 275 GR RAL7035 C.TARAF BOYALI SAC | D34: =IF('Selection List'!B1=17,18,IF('Selection List'!B1=23,54,IF('Selection List'!B1=30,90,"VEYY"))) -> 90 | E34: kg | F34: 1.05 | G34: =D34*F34 -> 94.5
B35: R01PS12000001 | C35: 1.20 mm 316 Paslanmaz Nitto 9205 Pvc Kaplamalı Rulo Sac | D35: =IF('Selection List'!B1=17,11,IF('Selection List'!B1=23,17.5,IF('Selection List'!B1=30,24,"VEYY"))) -> 24 | E35: kg | F35: 4.2 | G35: =D35*F35 -> 100.8
B36: R210090655151 | C36: Corner 25x66 Top PA6-Steel Par | D36: 4 | E36: pcs | F36: 2.82 | G36: =D36*F36 -> 11.28
B37: R210090655153 | C37: Corner 25x66 bot L PA6-Steel Par | D37: 4 | E37: pcs | F37: 2.6 | G37: =D37*F37 -> 10.4
B38: R210090655154 | C38: Corner 25x66 bot R PA6-Steel Par | D38: 2 | E38: pcs | F38: 2.6 | G38: =D38*F38 -> 5.2
B39: R19KFL8155117 | C39: 8-1551-17 Coverplate Lock Venthandle bluegrey | D39: =IF('Selection List'!B1=17,9,IF('Selection List'!B1=23,12,IF('Selection List'!B1=30,15,"VEYY"))) -> 15 | E39: pcs | F39: 1 | G39: =D39*F39 -> 15
B40: R1200000MKR40 | C40: 40'lık Makaralı Ray (L=940 mm) | D40: =IF('Selection List'!B1=17,6,IF('Selection List'!B1=23,8,IF('Selection List'!B1=30,10,"VEYY"))) -> 10 | E40: pcs | F40: 20 | G40: =D40*F40 -> 200
B41: R21PD10010060 | C41: 100x100x60 DELIKLI POLYAMID | D41: 4 | E41: pcs | F41: 29.3 | G41: =D41*F41 -> 117.2
B42: R19KFLX2315F0 | C42: KLIMA-FLEX ROD LINK 2651 - 902001 | D42: =IF('Selection List'!B1=17,6,IF('Selection List'!B1=23,9,IF('Selection List'!B1=30,12,"VEYY"))) -> 12 | E42: pcs | F42: 8.09 | G42: =D42*F42 -> 97.08
B43: R19KFLX081800 | C43: 8mm Krom Kaplı İndüksiyonlu Mil (L=1800) | D43: =IF('Selection List'!B1=17,2,IF('Selection List'!B1=23,3,IF('Selection List'!B1=30,4,"VEYY"))) -> 4 | E43: pcs | F43: 3.15 | G43: =D43*F43 -> 12.6
B44: R190090655090 | C44: L-Handle Non-locking K2-Grip | D44: =IF('Selection List'!B1=17,2,IF('Selection List'!B1=23,3,IF('Selection List'!B1=30,4,"VEYY"))) -> 4 | E44: pcs | F44: 1.58 | G44: =D44*F44 -> 6.32
B45: R190090655095 | C45: K2 Adjustable Roller Cam | D45: =IF('Selection List'!B1=17,6,IF('Selection List'!B1=23,9,IF('Selection List'!B1=30,12,"VEYY"))) -> 12 | E45: pcs | F45: 1.15 | G45: =D45*F45 -> 13.8
B46: R190090655092 | C46: K2 Latc Unit 60 mm | D46: =IF('Selection List'!B1=17,6,IF('Selection List'!B1=23,9,IF('Selection List'!B1=30,12,"VEYY"))) -> 12 | E46: pcs | F46: 2.15 | G46: =D46*F46 -> 25.8
B47: R210090655080 | C47: Geniox Hinge Set | D47: =IF('Selection List'!B1=17,10,IF('Selection List'!B1=23,15,IF('Selection List'!B1=30,20,"VEYY"))) -> 20 | E47: pcs | F47: 2.09 | G47: =D47*F47 -> 41.8
B48: R210000238720 | C48: HYGIENIC 110 w.foil grey 4,5x40 mm-20m/roll | D48: 40 | E48: mt | F48: 0.54 | G48: =D48*F48 -> 21.6
B49: R210090655063 | C49: 3D Clamp- Essentra | D49: 8 | E49: pcs | F49: 1.96 | G49: =D49*F49 -> 15.68
B50: R01DK00000006 | C50: 6.00 mm DKP sac | D50: 5 | E50: kg | F50: 45 | G50: =D50*F50 -> 225
A51: Piping | B51: R21C300TERA01 | C51: 4" Flanşlı dirsek | D51: =IF('Selection List'!B1=17,0,2) -> 2 | E51: pcs | F51: 155.7 | G51: =D51*F51 -> 311.4
B52: R21C300TERA04 | C52: 4" Flanşlı dirsek / Çıkış | D52: =IF('Selection List'!B1=17,0,1) -> 1 | E52: pcs | F52: 261.39 | G52: =D52*F52 -> 261.39
B53: R21C300TERA02 | C53: 4" Energy valve inlet pipe | D53: =IF('Selection List'!B1=17,0,1) -> 1 | E53: pcs | F53: 252 | G53: =D53*F53 -> 252
B54: R21FB43N00000 | C54: 4" Flanşlı 3N boru | D54: =IF(AND(OR('Selection List'!B1=23,('Selection List'!B1=30)),OR('Selection List'!B10=3,'Selection List'!B10="N")),1,0) -> 0 | E54: pcs | F54: 248.68 | G54: =D54*F54 -> 0
B55: R21FB43N00000 | C55: 4" Flanşlı 2 boru | D55: =IF(AND(OR('Selection List'!B1=23,('Selection List'!B1=30)),'Selection List'!B10=2),1,0) -> 1 | E55: pcs | F55: 248.68 | G55: =D55*F55 -> 248.68
B56: R21FB43N00000 | C56: 4" Flanşlı F boru | D56: =IF(AND(OR('Selection List'!B1=23,('Selection List'!B1=30)),'Selection List'!B10="F"),1,0) -> 0 | E56: pcs | F56: 248.68 | G56: =D56*F56 -> 0
B57: R21C300TERA03 | C57: 4" Coil inlet pipe | D57: =IF('Selection List'!B1=17,0,1) -> 1 | E57: pcs | F57: 253.66 | G57: =D57*F57 -> 253.66
B58: R21FLNS400000 | C58: 4" Flange | D58: =IF('Selection List'!B1=17,0,2) -> 2 | E58: pcs | F58: 11.33 | G58: =D58*F58 -> 22.66
B59: R21KORFLNS004 | C59: 4" Blinde Flange | D59: =IF('Selection List'!B1=17,0,2) -> 2 | E59: pcs | F59: 13.8 | G59: =D59*F59 -> 27.6
B60: R21KLNGRT0004 | C60: 4" Klingrit flanş contası | D60: =IF('Selection List'!B1=17,0,8) -> 8 | E60: pcs | F60: 1.12 | G60: =D60*F60 -> 8.96
B61: R21FLNS300000 | C61: 3" Flanşlı dirsek | D61: =IF('Selection List'!B1=17,2,0) -> 0 | E61: pcs | F61: 127.93 | G61: =D61*F61 -> 0
B62: R21FDC3000000 | C62: 3" Flanşlı dirsek / Çıkış | D62: =IF('Selection List'!B1=17,1,0) -> 0 | E62: pcs | F62: 184.3 | G62: =D62*F62 -> 0
B63: R21EVIP000003 | C63: 3" Energy valve inlet pipe | D63: =IF('Selection List'!B1=17,1,0) -> 0 | E63: pcs | F63: 185.41 | G63: =D63*F63 -> 0
B64: R21FB43N00000 | C64: 3" Flanşlı 3N boru | D64: =IF(AND('Selection List'!B1=17,OR('Selection List'!B10=3,'Selection List'!B10="N")),1,0) -> 0 | E64: pcs | F64: 248.68 | G64: =D64*F64 -> 0
B65: R21FB43N00000 | C65: 3" Flanşlı 2 boru | D65: =IF(AND('Selection List'!B1=17,'Selection List'!B10=2),1,0) -> 0 | E65: pcs | F65: 248.68 | G65: =D65*F65 -> 0
B66: R21FB43N00000 | C66: 3" Flanşlı F boru | D66: =IF(AND('Selection List'!B1=17,'Selection List'!B10="F"),1,0) -> 0 | E66: pcs | F66: 248.68 | G66: =D66*F66 -> 0
B67: R21CIP0000003 | C67: 3" Coil inlet pipe | D67: =IF('Selection List'!B1=17,1,0) -> 0 | E67: pcs | F67: 193.42 | G67: =D67*F67 -> 0
B68: R21FLNS300000 | C68: 3" Flange | D68: =IF('Selection List'!B1=17,2,0) -> 0 | E68: pcs | F68: 127.93 | G68: =D68*F68 -> 0
B69: R21KORFLNS003 | C69: 3" Blinde Flange | D69: =IF('Selection List'!B1=17,2,0) -> 0 | E69: pcs | F69: 15.83 | G69: =D69*F69 -> 0
B70: R21KLNGRT0003 | C70: 3" Klingrit flanş contası | D70: =IF('Selection List'!B1=17,8,0) -> 0 | E70: pcs | F70: 0.8 | G70: =D70*F70 -> 0
B71: R16DIN9311680 | C71: DIN 931 8.8 M16x80 PLAIN | D71: 64 | E71: pcs | F71: 0.85 | G71: =D71*F71 -> 54.4
B72: R16DIN9348M16 | C72: DIN 934 8 M16 PLAIN | D72: 64 | E72: pcs | F72: 0.2 | G72: =D72*F72 -> 12.8
B73: R21SBK0000100 | C73: 4" somunlu boru kelepçesi | D73: =IF('Selection List'!B1=17,0,8) -> 8 | E73: pcs | F73: 1.22 | G73: =D73*F73 -> 9.76
B74: R21SBK0000300 | C74: 3" somunlu boru kelepçesi | D74: =IF('Selection List'!B1=17,8,0) -> 0 | E74: pcs | F74: 0.95 | G74: =D74*F74 -> 0
B75: R20PPRCDDR025 | C75: PPRC 25mm Dış Dişli Rekor | D75: 1 | E75: pcs | F75: 2.95 | G75: =D75*F75 -> 2.95
B76: R21DN20PPRC01 | C76: DN20 PPRC İç Dişli Oynar Başlı Rakor | D76: 1 | E76: pcs | F76: 1.85 | G76: =D76*F76 -> 1.85
B77: R20PPRCD25001 | C77: DN20 PPRC 90 Derece Dirsek | D77: 5 | E77: pcs | F77: 0.45 | G77: =D77*F77 -> 2.25
B78: R20PPRCB00025 | C78: PPRC Boru 25 mm | D78: 1 | E78: mt | F78: 2 | G78: =D78*F78 -> 2
B79: R21PN340000A1 | C79: 3/4 " Pirinç Nipel | D79: 1 | E79: pcs | F79: 0.88 | G79: =D79*F79 -> 0.88
B80: R2134PDDD2TID | C80: 3/4 " Paslanmaz 90 Derece Dirsek 2 Tarafı İç Dişli | D80: 1 | E80: pcs | F80: 3.65 | G80: =D80*F80 -> 3.65
B81: R2134PIDD2TID | C81: 3/4 " Pirinç 90 Derece Dirsek 2 Tarafı İç Dişli | D81: 1 | E81: pcs | F81: 2.63 | G81: =D81*F81 -> 2.63
B82: R21HK00001926 | C82: 19-26 Hortum kelepçesi(3/4" hortum için) | D82: 2 | E82: pcs | F82: 0.33 | G82: =D82*F82 -> 0.66
B83: R21SM0034CTSH | C83: 3/4" Çelik telli spiral hortum | D83: 1 | E83: mt | F83: 4.14 | G83: =D83*F83 -> 4.14
B84: R20PHL3400001 | C84: Pirinç Hortum Lülesi 3/4" | D84: 2 | E84: pcs | F84: 1.5 | G84: =D84*F84 -> 3
B85: R16AKB0M8X100 | C85: M8X100 AKB Tam Diş 8.8 Kalite Civata | D85: 50 | E85: pcs | F85: 0.25 | G85: =D85*F85 -> 12.5
A86: Damper | B86: R31TN17500900 | C86: DAMPER TUNE AHU 1750(W) X 900(H) | D86: =IF(AND('Selection List'!B1=30,'Selection List'!B7=1),2,0) -> 0 | E86: pcs | F86: 417 | G86: =D86*F86 -> 0
B87: R31TN13500900 | C87: DAMPER TUNE AHU 1350(W) X 900(H) | D87: =IF(AND('Selection List'!B1=23,'Selection List'!B7=1),2,0) -> 0 | E87: pcs | F87: 300 | G87: =D87*F87 -> 0
B88: R31TN23500900 | C88: DAMPER TUNE AHU 2350(W) X 900(H) | D88: =IF(AND('Selection List'!B1=17,'Selection List'!B7=1),1,0) -> 0 | E88: pcs | F88: 525 | G88: =D88*F88 -> 0
A89: Cabling | B89: R12QV50T45740 | C89: QVT-CLICK 50-4 gy 45740 | D89: =IF(AND('Selection List'!B1=30,OR('Selection List'!B2="B",'Selection List'!B2="M")),3,IF(AND('Selection List'!B1=23,OR('Selection List'!B2="B",'Selection List'!B2="M")),3,IF(AND('Selection List'!B1=17,OR('Selection List'!B2="B",'Selection List'!B2="M")),2,0))) -> 3 | E89: pcs | F89: 7.89 | G89: =D89*F89 -> 23.67
B90: R12QVT1645726 | C90: QVT-CLICK 16 gy 45726 | D90: =IF('Selection List'!B2="F",2,0) -> 0 | E90: pcs | F90: 4.12 | G90: =D90*F90 -> 0
B91: R1200QTB42540 | C91: Insert - QTB 42540 | D91: =IF(AND('Selection List'!B1=30,OR('Selection List'!B2="B",'Selection List'!B2="M")),1,IF(AND('Selection List'!B1=23,OR('Selection List'!B2="B",'Selection List'!B2="M")),2,IF(AND('Selection List'!B1=17,OR('Selection List'!B2="B",'Selection List'!B2="M")),1,0))) -> 1 | E91: pcs | F91: 0.89 | G91: =D91*F91 -> 0.89
B92: R120QT1242512 | C92: Insert - QT 12 42512 | D92: =IF(AND('Selection List'!B1=30,OR('Selection List'!B2="B",'Selection List'!B2="M")),5,IF(AND('Selection List'!B1=23,OR('Selection List'!B2="B",'Selection List'!B2="M")),4,IF(AND('Selection List'!B1=17,OR('Selection List'!B2="B",'Selection List'!B2="M")),3,0))) -> 5 | E92: pcs | F92: 0.89 | G92: =D92*F92 -> 4.45
B93: R1200QT842508 | C93: Insert - QT 8 42508 | D93: 2 | E93: pcs | F93: 0.89 | G93: =D93*F93 -> 1.78
B94: R21KK15600047 | C94: Kablo Bağı ve Ok Uçlu Montaj Klips 156-00047 | D94: 200 | E94: pcs | F94: 0.05 | G94: =D94*F94 -> 10
B95: R12NA01201011 | C95: NEMUS - A012.01.01.121.0001 M12 KONNEKTÖR DİŞİ TOZ KAPAĞI KAYIŞLI | D95: =IF('Selection List'!B8="S",2,0)+IF(OR('Selection List'!B10="E",'Selection List'!B10="P"),1,0) -> 2 | E95: pcs | F95: 1.2 | G95: =D95*F95 -> 2.4
B96: R12NA01205015 | C96: NEMUS - A012.05.01.131.316.0015 M12 FEMALE 0° / MALE 0° PUR 5x0,25 GREY / A-CODE 1.5 M | D96: =IF(AND('Selection List'!B1=30,'Selection List'!B2="F"),5,IF(AND('Selection List'!B1=30,'Selection List'!B2="M"),5,IF(AND('Selection List'!B1=30,'Selection List'!B2="B"),6,IF(AND('Selection List'!B1=23,'Selection List'!B2="F"),4,IF(AND('Selection List'!B1=23,'Selection List'!B2="M"),4,IF(AND('Selection List'!B1=23,'Selection List'!B2="B"),5,IF(AND('Selection List'!B1=17,'Selection List'!B2="F"),3,IF(AND('Selection List'!B1=17,'Selection List'!B2="M"),4,IF(AND('Selection List'!B1=17,'Selection List'!B2="B"),4,"VEYY"))))))))) -> 6 | E96: pcs | F96: 5.61 | G96: =D96*F96 -> 33.66
B97: R12NA01205003 | C97: NEMUS - A012.05.01.131.316.0030 M12 FEMALE 0° / MALE 0° PUR 5x0,25 GREY / A-CODE 3.0 M | D97: =IF(AND('Selection List'!B1=30,'Selection List'!B2="F"),2,IF(AND('Selection List'!B1=30,'Selection List'!B2="M"),3,IF(AND('Selection List'!B1=30,'Selection List'!B2="B"),3,IF(AND('Selection List'!B1=23,'Selection List'!B2="F"),3,IF(AND('Selection List'!B1=23,'Selection List'!B2="M"),3,IF(AND('Selection List'!B1=23,'Selection List'!B2="B"),3,IF(AND('Selection List'!B1=17,'Selection List'!B2="F"),3,IF(AND('Selection List'!B1=17,'Selection List'!B2="M"),2,IF(AND('Selection List'!B1=17,'Selection List'!B2="B"),4,"VEYY"))))))))) -> 3 | E97: pcs | F97: 6.7 | G97: =D97*F97 -> 20.1
B98: R12NA01205005 | C98: NEMUS - A012.05.01.131.316.0050 M12 FEMALE 0° / MALE 0° PUR 5x0,25 GREY / A-CODE 5.0 M | D98: =IF(AND('Selection List'!B1=30,'Selection List'!B2="F"),2,IF(AND('Selection List'!B1=30,'Selection List'!B2="M"),3,IF(AND('Selection List'!B1=30,'Selection List'!B2="B"),2,IF(AND('Selection List'!B1=23,'Selection List'!B2="F"),1,IF(AND('Selection List'!B1=23,'Selection List'!B2="M"),3,IF(AND('Selection List'!B1=23,'Selection List'!B2="B"),2,IF(AND('Selection List'!B1=17,'Selection List'!B2="F"),2,IF(AND('Selection List'!B1=17,'Selection List'!B2="M"),4,IF(AND('Selection List'!B1=17,'Selection List'!B2="B"),2,"VEYY"))))))))) -> 2 | E98: pcs | F98: 8.91 | G98: =D98*F98 -> 17.82
B99: R12NA01205010 | C99: NEMUS - A012.05.01.131.316.0100 M12 FEMALE 0° / MALE 0° PUR 5x0,25 GREY / A-CODE 10.0 M | D99: =IF(AND('Selection List'!B1=30,'Selection List'!B2="F"),1,IF(AND('Selection List'!B1=30,'Selection List'!B2="M"),1,IF(AND('Selection List'!B1=30,'Selection List'!B2="B"),1,IF(AND('Selection List'!B1=23,'Selection List'!B2="F"),1,IF(AND('Selection List'!B1=23,'Selection List'!B2="M"),1,IF(AND('Selection List'!B1=23,'Selection List'!B2="B"),1,IF(AND('Selection List'!B1=17,'Selection List'!B2="F"),0,IF(AND('Selection List'!B1=17,'Selection List'!B2="M"),0,IF(AND('Selection List'!B1=17,'Selection List'!B2="B"),0,"VEYY"))))))))) -> 1 | E99: pcs | F99: 14.4 | G99: =D99*F99 -> 14.4
B100: R121353800000 | C100: SAIE-M12B-5-0.2U P9 .75 1353800000 | D100: =IF('Selection List'!B1=17,5,IF('Selection List'!B1=23,6,IF('Selection List'!B1=30,7,"veyy")))+IF('Selection List'!B8="O",2,0) -> 7 | E100: pcs | F100: 18.35 | G100: =D100*F100 -> 128.45
...

Sheet Sayfa2
B1: 17 | C1: 170
B2: 23 | C2: =230 -> 230
B3: 30 | C3: =300 -> 300
A4: FLOW CONFIGURATION | B4: B | C4: =TOP SIDE RETURN BOTTOM SUPPLY -> #NAME?
B5: F | C5: =TOP SIDE RETURN FRONT SUPPLY -> #NAME?
B6: M | C6: =FRONT SIDE RETURN BOTTOM SUPPLY -> #NAME?
A7: PIPE SIDE | B7: L | C7: =Left -> #NAME?
B8: R | C8: =Right -> #NAME?
A9: WATER CONDITION | B9: L | C9: =20/28 -> 0.71428571
B10: H | C10: =20/30 -> 0.66666667
A11: HUMIDIFICATION | B11: S | C11: = STEAM HUMIDIFIER 15kg/h
B12: 0 | C12: =NONE -> #NAME?
A13: ESP | B13: H | C13: = 100 Pa ESP
B14: L | C14: = 50 Pa ESP
B15: S | C15: =…. Pa ESP -> #NAME?
A16: DAMPER | B16: 1 | C16: =ON TOP -> #NAME?
B17: 0 | C17: =NONE -> #NAME?
A18: Temp Sensors | B18: S | C18: =RETURN and SUPPLY Avg Temp Sensor -> #NAME?
B19: O | C19: =RETURN and SUPPLY Temp/Hum -> #NAME?
A20: Leak Detaction | B20: S | C20: =Wire Type -> #NAME?
B21: O | C21: =Additional Leak Sensor -> #NAME?
A22: Valve Options | B22: N | C22: = Only 0-10V Cooling Demand output
B23: F | C23: = Flowmeter and 0-10V Output
B24: 2 | C24: = 2 Way Valve
B25: 3 | C25: = 3 Way Valve (Valve possitioned out of the unit at the pipe outlet, bypass line should be done by customer)
B26: E | C26: = 2 Way Valve w Energy Measurement
B27: P | C27: =Pressure Independent Control Valve -> #NAME?
A28: Corridor Control | B28: 0 | C28: =NONE -> #NAME?
B29: 1 | C29: =Corridors dP -> #NAME?
B30: 2 | C30: =Double dP -> #NAME?
B31: 3 | C31: = Corridors dP and Temperature Sensor***
B32: 4 | C32: = Corridors Double dP and Temperature Sensor***
B33: 5 | C33: =Temperature Sensor ***
A34: Power | B34: 0 | C34: = 400V /3P+N / 50hZ
B35: 1 | C35: = 400V / 3P+N / 60Hz
A36: Power Supply | B36: N | C36: =NONE -> #NAME?
B37: A
B38: B
B39: U | C39: =Single SUPPLY w UltraCap -> #NAME?
A40: Power Measurment | B40: 0 | C40: =Double SUPPLY w Ats -> #NAME?
B41: 3 | C41: =Energy Analyser -> #NAME?
A42: HMI | B42: 0 | C42: = None *
B43: 1 | C43: = On Control Panel (Text-Based)
B44: 2 | C44: =Touch Panel -> #NAME?
A45: Harmonic Filter | B45: 0 | C45: = None **
B46: 1
B47: 2 | C47: =Active PFC -> #NAME?
A48: Panel Socket | B48: 0 | C48: =NONE -> #NAME?
B49: A | C49: =CF Type Socket -> #NAME?
A50: Fire Protection | B50: N | C50: =NONE -> #NAME?
B51: 0 | C51: =Shutdown ON fire -> #NAME?
B52: 1 | C52: =Continue ON fire -> #NAME?
B53: 2 | C53: =Shutdown with Smoke -> #NAME?
B54: 3 | C54: =Continue with Smoke -> #NAME?
A55: Communication Protocols for BMS | B55: 0 | C55: =NONE -> #NAME?
B56: 1 | C56: =BacNET IP -> #NAME?
B57: 2 | C57: =BacNET MSTP -> #NAME?
B58: 3 | C58: =Modbus RTU -> #NAME?
B59: 4 | C59: =Modbus TCP/IP -> #NAME?
A60: WSCO and Teamwork | B60: 0 | C60: =NONE -> #NAME?
B61: 1 | C61: =Teamwork -> #NAME?
B62: 2 | C62: =WSCO -> #NAME?
B63: 3 | C63: =Teamwork and WSCO -> #NAME?
A64: Flow Direction | B64: F | C64: : Supply from the front side
B65: B | C65: : Bottom supply air to 3 sides ( front, left and right)
B66: A | C66: : All side
A67: Safety Water Control Options | B67: 0 | C67: : Shut Of Valve
B68: 1 | C68: : None
B69: 0
A70: Corridor Control | B70: 1 | C70: 1= Corridor Temperature Sensor is only for monitoring
B71: 2 | C71: 2= Corridor Temperature Sensor will be included on supply air
